Region,Condition 1 count,Condition 2 count,edgeR p-value
AT1G71130,100,25,1.05987026716E-018
AT1G71120,15,60,0.106064729
AT1G71110,20,20,0.2813710467
AT1G71100,20,30,0.13
